Quantity,Value
Estimated Period,1.0
Peak Phase,0.49
Peak Flux,0.9310763773866544
Peak Prominence,0.941925264798179
Pulse Width (phase),0.07857306117111698
Pulse Duration (s),0.07857306117111698
Baseline,0.009337490776654918
Noise Std,0.040647779925020534
Signal Amplitude,0.9217388866099995
SNR,22.676241809768012
