Quantity,Value
Estimated Period,1.0
Peak Phase,0.49
Peak Flux,0.9372782518178637
Peak Prominence,0.9469998020421885
Pulse Width (phase),0.0780802716518457
Pulse Duration (s),0.0780802716518457
Baseline,0.010330062797986584
Noise Std,0.040731576609463506
Signal Amplitude,0.9269481890198772
SNR,22.75748365715143
