Quantity,Value
Estimated Period,1.0
Peak Phase,0.49
Peak Flux,0.9474296901331808
Peak Prominence,0.9603325940169238
Pulse Width (phase),0.07725767432987415
Pulse Duration (s),0.07725767432987415
Baseline,0.008169916023907542
Noise Std,0.039217731622722234
Signal Amplitude,0.9392597741092732
SNR,23.94987510101371
