Quantity,Value
Estimated Period,1.0
Peak Phase,0.49
Peak Flux,0.9343268017125854
Peak Prominence,0.9461227138545838
Pulse Width (phase),0.07853304946745175
Pulse Duration (s),0.07853304946745175
Baseline,0.009563815158539348
Noise Std,0.04039152381448964
Signal Amplitude,0.9247629865540461
SNR,22.894976451032186
