Quantity,Value
Estimated Period,1.0
Peak Phase,0.49
Peak Flux,0.9308274411888989
Peak Prominence,0.9411313308328
Pulse Width (phase),0.07842936935664704
Pulse Duration (s),0.07842936935664704
Baseline,0.010678521993876994
Noise Std,0.0412244109067482
Signal Amplitude,0.920148919195022
SNR,22.320486793042296
